Symbol,Name,Country,Date,Type,Last,Unit,URL,Importance,Forecast1,ForecastDate1,Forecast2,ForecastDate2,Forecast3,ForecastDate3,Forecast4,ForecastDate4
EURUSD:CUR,EURUSD,Euro Area,2024-11-22T12:05:00.287,currency,1.04152,,/euro-area/currency,1,1.069173,31/12/2024,1.062935,31/03/2025,1.056805,30/06/2025,1.050676,30/09/2025
GBPUSD:CUR,GBPUSD,United Kingdom,2024-11-22T12:05:13.827,currency,1.25131,,/united-kingdom/currency,2,1.281744,31/12/2024,1.273488,31/03/2025,1.265361,30/06/2025,1.257234,30/09/2025
AUDUSD:CUR,AUDUSD,Australia,2024-11-22T12:05:24.75,currency,0.65019,,/australia/currency,3,0.652308,31/12/2024,0.646781,31/03/2025,0.641255,30/06/2025,0.635795,30/09/2025
NZDUSD:CUR,NZDUSD,New Zealand,2024-11-22T12:04:59.487,currency,0.58399,,/new-zealand/currency,4,0.590854,31/12/2024,0.585608,31/03/2025,0.580362,30/06/2025,0.575235,30/09/2025
USDJPY:CUR,USDJPY,Japan,2024-11-22T12:05:08.007,currency,154.351,,/japan/currency,5,155.48416,31/12/2024,157.084709,31/03/2025,158.700649,30/06/2025,160.331978,30/09/2025
USDCNY:CUR,USDCNY,China,2024-11-22T12:04:49.263,currency,7.25983,,/china/currency,6,7.205126,31/12/2024,7.233831,31/03/2025,7.262537,30/06/2025,7.29196,30/09/2025
USDCHF:CUR,USDCHF,Switzerland,2024-11-22T12:04:48.36,currency,0.88889,,/switzerland/currency,7,0.8808,31/12/2024,0.887097,31/03/2025,0.893394,30/06/2025,0.899691,30/09/2025
USDCAD:CUR,USDCAD,Canada,2024-11-22T12:04:48.367,currency,1.39946,,/canada/currency,8,1.396374,31/12/2024,1.402768,31/03/2025,1.409301,30/06/2025,1.415695,30/09/2025
USDMXN:CUR,USDMXN,Mexico,2024-11-22T12:05:01.69,currency,20.4312,,/mexico/currency,9,20.916802,31/12/2024,21.183245,31/03/2025,21.451753,30/06/2025,21.724393,30/09/2025
USDINR:CUR,USDINR,India,2024-11-22T12:05:21,currency,84.4435,,/india/currency,10,84.413672,31/12/2024,84.565343,31/03/2025,84.717015,30/06/2025,84.868686,30/09/2025
USDBRL:CUR,USDBRL,Brazil,2024-11-22T12:04:53,currency,5.8087,,/brazil/currency,11,5.815613,31/12/2024,5.880602,31/03/2025,5.946741,30/06/2025,6.013455,30/09/2025
USDRUB:CUR,USDRUB,Russia,2024-11-22T12:05:39,currency,103.02404,,/russia/currency,12,99.876464,31/12/2024,101.585097,31/03/2025,103.323189,30/06/2025,105.09074,30/09/2025
USDKRW:CUR,USDKRW,South Korea,2024-11-22T12:05:39,currency,1406.01,,/south-korea/currency,13,1406.991048,31/12/2024,1417.88172,31/03/2025,1428.772392,30/06/2025,1439.802688,30/09/2025
USDTRY:CUR,USDTRY,Turkey,2024-11-22T12:05:18.583,currency,34.55775,,/turkey/currency,14,34.400817,31/12/2024,34.561745,31/03/2025,34.726096,30/06/2025,34.887024,30/09/2025
DXY:CUR,DXY,United States,2024-11-22T12:03:49.343,currency,107.47374,,/united-states/currency,16,105.455984,31/12/2024,106.022387,31/03/2025,106.59928,30/06/2025,107.176173,30/09/2025
USDIDR:CUR,USDIDR,Indonesia,2024-11-22T12:05:44,currency,15919.05,,/indonesia/currency,18,15943.24904,31/12/2024,16057.23116,31/03/2025,16171.21328,30/06/2025,16285.1954,30/09/2025
USDSAR:CUR,USDSAR,Saudi Arabia,2024-11-22T12:05:21,currency,3.75423,,/saudi-arabia/currency,21,3.75668,31/12/2024,3.75668,31/03/2025,3.75668,30/06/2025,3.75668,30/09/2025
USDSEK:CUR,USDSEK,Sweden,2024-11-22T12:04:48.36,currency,11.0824,,/sweden/currency,23,10.948157,31/12/2024,11.054418,31/03/2025,11.161764,30/06/2025,11.270193,30/09/2025
USDNGN:CUR,USDNGN,Nigeria,2024-11-22T05:11:41,currency,1675.6,,/nigeria/currency,24,1756.564815,31/12/2024,1834.44373,31/03/2025,1915.686745,30/06/2025,2000.462065,30/09/2025
USDPLN:CUR,USDPLN,Poland,2024-11-22T12:04:52.073,currency,4.163,,/poland/currency,25,4.096305,31/12/2024,4.134455,31/03/2025,4.173011,30/06/2025,4.211568,30/09/2025
USDARS:CUR,USDARS,Argentina,2024-11-22T12:05:36,currency,1004.0328,,/argentina/currency,26,1069.444867,31/12/2024,1152.137485,31/03/2025,1241.183438,30/06/2025,1337.079079,30/09/2025
USDNOK:CUR,USDNOK,Norway,2024-11-22T12:04:52.073,currency,11.09329,,/norway/currency,29,11.24271,31/12/2024,11.378232,31/03/2025,11.515975,30/06/2025,11.655939,30/09/2025
USDTWD:CUR,USDTWD,Taiwan,2024-11-22T12:05:40,currency,32.5835,,/taiwan/currency,30,32.390879,31/12/2024,32.571258,31/03/2025,32.754857,30/06/2025,32.938457,30/09/2025
USDIRR:CUR,USDIRR,Iran,2024-11-22T00:00:00,currency,42105,,/iran/currency,32,42138.80175,31/12/2024,42185.1035,31/03/2025,42231.40525,30/06/2025,42277.707,30/09/2025
USDAED:CUR,USDAED,United Arab Emirates,2024-11-22T12:05:27,currency,3.67299,,/united-arab-emirates/currency,33,3.67305,31/12/2024,3.67305,31/03/2025,3.67305,30/06/2025,3.67305,30/09/2025
USDCOP:CUR,USDCOP,Colombia,2024-11-22T12:05:38,currency,4389.25,,/colombia/currency,34,4465.9648,31/12/2024,4515.87125,31/03/2025,4566.661,30/06/2025,4617.8924,30/09/2025
USDTHB:CUR,USDTHB,Thailand,2024-11-22T12:05:27,currency,34.5195,,/thailand/currency,35,34.453499,31/12/2024,34.743914,31/03/2025,35.034329,30/06/2025,35.328161,30/09/2025
USDZAR:CUR,USDZAR,South Africa,2024-11-22T12:05:18.783,currency,18.03545,,/south-africa/currency,36,17.839451,31/12/2024,18.049264,31/03/2025,18.262604,30/06/2025,18.477707,30/09/2025
USDDKK:CUR,USDDKK,Denmark,2024-11-22T12:04:50.663,currency,7.15973,,/denmark/currency,37,6.973161,31/12/2024,7.013372,31/03/2025,7.054277,30/06/2025,7.095181,30/09/2025
USDMYR:CUR,USDMYR,Malaysia,2024-11-22T12:05:31,currency,4.4675,,/malaysia/currency,38,4.430361,31/12/2024,4.457223,31/03/2025,4.484524,30/06/2025,4.511826,30/09/2025
USDSGD:CUR,USDSGD,Singapore,2024-11-22T12:04:49.263,currency,1.34759,,/singapore/currency,39,1.335142,31/12/2024,1.340593,31/03/2025,1.346178,30/06/2025,1.35163,30/09/2025
USDILS:CUR,USDILS,Israel,2024-11-22T12:05:15.527,currency,3.71545,,/israel/currency,40,3.781393,31/12/2024,3.822169,31/03/2025,3.863694,30/06/2025,3.905219,30/09/2025
USDZMW:CUR,USDZMW,Zambia,2024-11-22T12:05:40,currency,27.70258,,/zambia/currency,40,27.512342,31/12/2024,28.054657,31/03/2025,28.607763,30/06/2025,29.171663,30/09/2025
USDHKD:CUR,USDHKD,Hong Kong,2024-11-22T12:02:48.24,currency,7.78459,,/hong-kong/currency,41,7.779992,31/12/2024,7.785434,31/03/2025,7.790877,30/06/2025,7.796319,30/09/2025
USDEGP:CUR,USDEGP,Egypt,2024-11-22T12:05:43,currency,49.6843,,/egypt/currency,42,51.302341,31/12/2024,53.435014,31/03/2025,55.661267,30/06/2025,57.976177,30/09/2025
USDPHP:CUR,USDPHP,Philippines,2024-11-22T12:05:37,currency,58.9425,,/philippines/currency,43,59.065552,31/12/2024,59.371104,31/03/2025,59.682532,30/06/2025,59.99396,30/09/2025
USDCLP:CUR,USDCLP,Chile,2024-11-22T12:05:30,currency,976.88,,/chile/currency,45,968.80465,31/12/2024,981.90048,31/03/2025,995.0919,30/06/2025,1008.57009,30/09/2025
USDPKR:CUR,USDPKR,Pakistan,2024-11-22T12:05:37,currency,279.23861,,/pakistan/currency,46,279.2895,31/12/2024,280.679,31/03/2025,282.09629,30/06/2025,283.51358,30/09/2025
USDIQD:CUR,USDIQD,Iraq,2024-11-22T12:05:44,currency,1316.10611,,/iraq/currency,50,1314.199707,31/12/2024,1318.130513,31/03/2025,1322.06132,30/06/2025,1326.123154,30/09/2025
USDDZD:CUR,USDDZD,Algeria,2024-11-22T12:05:43,currency,134.299,,/algeria/currency,51,134.20174,31/12/2024,134.616479,31/03/2025,135.031219,30/06/2025,135.459338,30/09/2025
USDKZT:CUR,USDKZT,Kazakhstan,2024-11-22T12:03:41,currency,499.2,,/kazakhstan/currency,52,495.49662,31/12/2024,498.84324,31/03/2025,502.239075,30/06/2025,505.684125,30/09/2025
USDQAR:CUR,USDQAR,Qatar,2024-11-22T12:05:38,currency,3.66268,,/qatar/currency,53,3.647781,31/12/2024,3.655062,31/03/2025,3.662343,30/06/2025,3.669624,30/09/2025
USDCZK:CUR,USDCZK,Czech Republic,2024-11-22T12:04:55.89,currency,24.3386,,/czech-republic/currency,54,23.742722,31/12/2024,23.9265,31/03/2025,24.110278,30/06/2025,24.296413,30/09/2025
USDPEN:CUR,USDPEN,Peru,2024-11-22T12:05:32,currency,3.816,,/peru/currency,55,3.798405,31/12/2024,3.82331,31/03/2025,3.848593,30/06/2025,3.874252,30/09/2025
USDRON:CUR,USDRON,Romania,2024-11-22T12:05:38,currency,4.7777,,/romania/currency,56,4.652931,31/12/2024,4.679763,31/03/2025,4.707057,30/06/2025,4.734351,30/09/2025
USDVND:CUR,USDVND,Vietnam,2024-11-22T10:04:39,currency,25430,,/vietnam/currency,58,25458.6165,31/12/2024,25532.233,31/03/2025,25605.8495,30/06/2025,25682.0045,30/09/2025
USDBDT:CUR,USDBDT,Bangladesh,2024-11-22T12:05:36,currency,120.05405,,/bangladesh/currency,60,120.425881,31/12/2024,121.334304,31/03/2025,122.242728,30/06/2025,123.151151,30/09/2025
USDHUF:CUR,USDHUF,Hungary,2024-11-22T12:04:52.57,currency,394.454,,/hungary/currency,61,385.16301,31/12/2024,388.750182,31/03/2025,392.375515,30/06/2025,396.000848,30/09/2025
USDUAH:CUR,USDUAH,Ukraine,2024-11-22T12:05:40,currency,41.47665,,/ukraine/currency,62,41.73383,31/12/2024,41.982739,31/03/2025,42.235797,30/06/2025,42.488855,30/09/2025
USDAOA:CUR,USDAOA,Angola,2024-11-22T05:12:02,currency,917.682,,/angola/currency,63,923.350725,31/12/2024,931.043025,31/03/2025,938.735325,30/06/2025,946.5192,30/09/2025
USDMAD:CUR,USDMAD,Morocco,2024-11-22T12:05:29,currency,10.04732,,/morocco/currency,64,9.860627,31/12/2024,9.926253,31/03/2025,9.992859,30/06/2025,10.060445,30/09/2025
USDOMR:CUR,USDOMR,Oman,2024-11-22T12:05:32,currency,0.38498,,/oman/currency,68,0.385539,31/12/2024,0.386078,31/03/2025,0.386617,30/06/2025,0.387156,30/09/2025
USDCUC:CUR,USDCUC,Cuba,2024-11-21T00:00:00,currency,24,,/cuba/currency,69,24,31/12/2024,24,31/03/2025,24,30/06/2025,24,30/09/2025
USDBYR:CUR,USDBYN,Belarus,2024-11-22T12:05:46,currency,3.28774,,/belarus/currency,70,3.279927,31/12/2024,3.286474,31/03/2025,3.29302,30/06/2025,3.299567,30/09/2025
USDAZN:CUR,USDAZN,Azerbaijan,2024-11-22T12:04:37,currency,1.7,,/azerbaijan/currency,71,1.7017,31/12/2024,1.7034,31/03/2025,1.7051,30/06/2025,1.7068,30/09/2025
USDLKR:CUR,USDLKR,Sri Lanka,2024-11-22T12:05:28,currency,292.29513,,/sri-lanka/currency,72,294.495022,31/12/2024,295.872673,31/03/2025,297.279637,30/06/2025,298.657288,30/09/2025
USDSDG:CUR,USDSDG,Sudan,2024-11-22T12:05:39,currency,601.5,,/sudan/currency,73,606.85335,31/12/2024,612.26685,31/03/2025,617.68035,30/06/2025,623.21415,30/09/2025
USDSYP:CUR,USDSYP,Syria,2024-11-21T00:00:00,currency,13005,,/syria/currency,74,13005,31/12/2024,13005,31/03/2025,13005,30/06/2025,13005,30/09/2025
USDMMK:CUR,USDMMK,Myanmar,2024-11-21T00:00:00,currency,2093.7,,/myanmar/currency,75,2097.8874,31/12/2024,2102.0748,31/03/2025,2106.2622,30/06/2025,2110.4496,30/09/2025
USDDOP:CUR,USDDOP,Dominican Republic,2024-11-22T12:05:43,currency,60.53314,,/dominican-republic/currency,76,60.795518,31/12/2024,61.116035,31/03/2025,61.4426,30/06/2025,61.769165,30/09/2025
USDUZS:CUR,USDUZS,Uzbekistan,2024-11-22T12:05:42,currency,12855,,/uzbekistan/currency,77,12842.3415,31/12/2024,12889.683,31/03/2025,12937.0245,30/06/2025,12985.6455,30/09/2025
USDKES:CUR,USDKES,Kenya,2024-11-22T09:24:02,currency,129.55,,/kenya/currency,78,130.488039,31/12/2024,131.958981,31/03/2025,133.455729,30/06/2025,134.96538,30/09/2025
USDGTQ:CUR,USDGTQ,Guatemala,2024-11-22T12:05:44,currency,7.75508,,/guatemala/currency,80,7.758228,31/12/2024,7.796826,31/03/2025,7.836196,30/06/2025,7.875567,30/09/2025
USDURY:CUR,USDUYU,Uruguay,2024-11-22T12:05:41,currency,42.81042,,/uruguay/currency,81,41.908661,31/12/2024,42.199983,31/03/2025,42.495466,30/06/2025,42.795111,30/09/2025
USDMOP:CUR,USDMOP,Macau,2024-11-22T12:05:30,currency,8.05411,,/macau/currency,84,8.045471,31/12/2024,8.084701,31/03/2025,8.124732,30/06/2025,8.163963,30/09/2025
USDETB:CUR,USDETB,Ethiopia,2024-11-22T12:05:43,currency,125.19309,,/ethiopia/currency,85,125.76381,31/12/2024,130.77114,31/03/2025,135.97199,30/06/2025,141.39055,30/09/2025
USDCRC:CUR,USDCRC,Costa Rica,2024-11-22T12:05:38,currency,510.69763,,/costa-rica/currency,86,515.260849,31/12/2024,519.14768,31/03/2025,523.034511,30/06/2025,526.921342,30/09/2025
USDTZS:CUR,USDTZS,Tanzania,2024-11-22T12:05:40,currency,2657.359,,/tanzania/currency,88,2741.895,31/12/2024,2758.79,31/03/2025,2775.9575,30/06/2025,2793.125,30/09/2025
USDTMT:CUR,USDTMT,Turkmenistan,2024-11-22T12:05:38,currency,3.51,,/turkmenistan/currency,90,3.5217,31/12/2024,3.5434,31/03/2025,3.56545,30/06/2025,3.5875,30/09/2025
USDTND:CUR,USDTND,Tunisia,2024-11-22T12:05:40,currency,3.17823,,/tunisia/currency,91,3.124518,31/12/2024,3.142535,31/03/2025,3.160864,30/06/2025,3.179192,30/09/2025
USDPAB:CUR,USDPAB,Panama,2024-11-22T12:05:32,currency,1.00459,,/panama/currency,92,1.004981,31/12/2024,1.009782,31/03/2025,1.014683,30/06/2025,1.019483,30/09/2025
USDLBP:CUR,USDLBP,Lebanon,2024-11-22T12:05:46,currency,89966.52963,,/lebanon/currency,93,89531.6677,31/12/2024,89531.6677,31/03/2025,89531.6677,30/06/2025,89531.6677,30/09/2025
USDRSD:CUR,USDRSD,Serbia,2024-11-22T12:05:38,currency,112.326,,/serbia/currency,94,109.429028,31/12/2024,110.060057,31/03/2025,110.701965,30/06/2025,111.343873,30/09/2025
USDLYD:CUR,USDLYD,Libya,2024-11-22T12:05:29,currency,4.9074,,/libya/currency,95,4.853857,31/12/2024,4.872713,31/03/2025,4.89157,30/06/2025,4.91091,30/09/2025
USDGHS:CUR,USDGHS,Ghana,2024-11-22T12:05:01,currency,15.8,,/ghana/currency,96,16.439925,31/12/2024,16.52985,31/03/2025,16.62141,30/06/2025,16.71297,30/09/2025
USDYER:CUR,USDYER,Yemen,2024-11-22T12:05:33,currency,249.9,,/yemen/currency,97,250.199738,31/12/2024,250.574475,31/03/2025,250.949213,30/06/2025,251.32395,30/09/2025
USDBOB:CUR,USDBOB,Bolivia,2024-11-22T12:05:38,currency,6.94147,,/bolivia/currency,100,6.956227,31/12/2024,7.000463,31/03/2025,7.045391,30/06/2025,7.090319,30/09/2025
USDBHD:CUR,USDBHD,Bahrain,2024-11-22T12:05:36,currency,0.37692,,/bahrain/currency,101,0.377451,31/12/2024,0.378091,31/03/2025,0.378732,30/06/2025,0.379372,30/09/2025
USDCDF:CUR,USDCDF,Congo,2024-11-21T00:00:00,currency,2857.75,,/congo/currency,102,2879.8707,31/12/2024,2901.0273,31/03/2025,2922.1839,30/06/2025,2943.3405,30/09/2025
USDPYG:CUR,USDPYG,Paraguay,2024-11-22T12:05:37,currency,7884.8734,,/paraguay/currency,105,7853.558631,31/12/2024,7885.626742,31/03/2025,7918.477002,30/06/2025,7950.545114,30/09/2025
USDUGX:CUR,USDUGX,Uganda,2024-11-22T12:05:41,currency,3711.85607,,/uganda/currency,107,3690.933282,31/12/2024,3709.296134,31/03/2025,3728.026243,30/06/2025,3746.756353,30/09/2025
USDSVC:CUR,USDSVC,El Salvador,2024-11-22T12:05:40,currency,8.79027,,/el-salvador/currency,109,8.799291,31/12/2024,8.846552,31/03/2025,8.894688,30/06/2025,8.942824,30/09/2025
USDTTD:CUR,USDTTD,Trinidad And Tobago,2024-11-22T12:05:40,currency,6.81927,,/trinidad-and-tobago/currency,110,6.818362,31/12/2024,6.852284,31/03/2025,6.886885,30/06/2025,6.921486,30/09/2025
USDAFN:CUR,USDAFN,Afghanistan,2024-11-22T00:07:04,currency,68.13,,/afghanistan/currency,112,68.73552,31/12/2024,69.287859,31/03/2025,69.840198,30/06/2025,70.399356,30/09/2025
USDNPR:CUR,USDNPR,Nepal,2024-11-22T12:05:32,currency,135.80664,,/nepal/currency,113,135.068115,31/12/2024,135.525791,31/03/2025,135.983466,30/06/2025,136.454603,30/09/2025
USDHNL:CUR,USDHNL,Honduras,2024-11-22T12:05:44,currency,25.38723,,/honduras/currency,114,25.227972,31/12/2024,25.375944,31/03/2025,25.526424,30/06/2025,25.676904,30/09/2025
USDBAM:CUR,USDBAM,Bosnia And Herzegovina,2024-11-22T11:16:15,currency,1.8631,,/bosnia-and-herzegovina/currency,115,1.799566,31/12/2024,1.810833,31/03/2025,1.822278,30/06/2025,1.833723,30/09/2025
USDBND:CUR,USDBND,Brunei,2024-11-22T12:05:37,currency,1.35001,,/brunei/currency,116,1.323446,31/12/2024,1.330293,31/03/2025,1.337271,30/06/2025,1.344249,30/09/2025
USDISK:CUR,USDISK,Iceland,2024-11-22T12:05:46,currency,139.72,,/iceland/currency,118,138.8653,31/12/2024,139.8306,31/03/2025,140.80969,30/06/2025,141.80257,30/09/2025
USDKHR:CUR,USDKHR,Cambodia,2024-11-22T12:05:46,currency,4051.8538,,/cambodia/currency,119,4092.5225,31/12/2024,4110.045,31/03/2025,4127.975,30/06/2025,4145.4975,30/09/2025
USDGEL:CUR,USDGEL,Georgia,2024-11-22T12:04:47,currency,2.739,,/georgia/currency,120,2.748052,31/12/2024,2.773376,31/03/2025,2.798972,30/06/2025,2.824568,30/09/2025
USDMZN:CUR,USDMZN,Mozambique,2024-11-22T12:05:46,currency,63.9,,/mozambique/currency,121,64.271025,31/12/2024,64.66705,31/03/2025,65.069463,30/06/2025,65.471875,30/09/2025
USDBWP:CUR,USDBWP,Botswana,2024-11-22T12:04:41,currency,13.6612,,/botswana/currency,122,13.506676,31/12/2024,13.609893,31/03/2025,13.71311,30/06/2025,13.816327,30/09/2025
USDKPW:CUR,USDKPW,North Korea,2024-11-21T00:00:00,currency,130,,/north-korea/currency,124,130,31/12/2024,130,31/03/2025,130,30/06/2025,130,30/09/2025
USDPGK:CUR,USDPGK,Papua New Guinea,2024-11-22T12:05:37,currency,4.04418,,/papua-new-guinea/currency,125,4.069855,31/12/2024,4.130013,31/03/2025,4.191374,30/06/2025,4.253135,30/09/2025
USDJMD:CUR,USDJMD,Jamaica,2024-11-22T12:05:46,currency,159.54734,,/jamaica/currency,126,159.047322,31/12/2024,159.948753,31/03/2025,160.865999,30/06/2025,161.783245,30/09/2025
USDXAF:CUR,USDXAF,Cameroon,2024-11-22T12:05:42,currency,626.40927,,/cameroon/currency,128,605.332072,31/12/2024,608.703054,31/03/2025,612.134232,30/06/2025,615.565411,30/09/2025
USDNAD:CUR,USDNAD,Namibia,2024-11-22T12:05:31,currency,18.17825,,/namibia/currency,131,17.571492,31/12/2024,17.774721,31/03/2025,17.981424,30/06/2025,18.189864,30/09/2025
USDALL:CUR,USDALL,Albania,2024-11-22T12:05:36,currency,93.74791,,/albania/currency,132,90.48248,31/12/2024,91.17394,31/03/2025,91.8654,30/06/2025,92.55686,30/09/2025
USDSSP:CUR,USDSSP,South Sudan,2024-11-21T00:00:00,currency,3285.2878,,/south-sudan/currency,133,3387.517647,31/12/2024,3506.946213,31/03/2025,3630.9556,30/06/2025,3759.218608,30/09/2025
USDMUR:CUR,USDMUR,Mauritius,2024-11-22T12:05:30,currency,46.85,,/mauritius/currency,134,47.14802,31/12/2024,47.785344,31/03/2025,48.42732,30/06/2025,49.083252,30/09/2025
USDMNT:CUR,USDMNT,Mongolia,2024-11-22T00:06:27,currency,3419,,/mongolia/currency,137,3426.0084,31/12/2024,3441.0168,31/03/2025,3456.3663,30/06/2025,3471.3747,30/09/2025
USDNIO:CUR,USDNIO,Nicaragua,2024-11-22T12:05:32,currency,36.77,,/nicaragua/currency,138,36.906391,31/12/2024,37.027781,31/03/2025,37.149172,30/06/2025,37.274241,30/09/2025
USDLAK:CUR,USDLAK,Laos,2024-11-22T12:05:46,currency,22005.45266,,/laos/currency,139,22017.9804,31/12/2024,22096.9608,31/03/2025,22175.9412,30/06/2025,22257.1155,30/09/2025
USDMKD:CUR,USDMKD,Macedonia,2024-11-22T12:05:29,currency,59.07795,,/macedonia/currency,140,57.607901,31/12/2024,58.002671,31/03/2025,58.403163,30/06/2025,58.809376,30/09/2025
USDAMD:CUR,USDAMD,Armenia,2024-11-22T00:08:56,currency,389.45,,/armenia/currency,141,388.2771,31/12/2024,389.5542,31/03/2025,390.8313,30/06/2025,392.1471,30/09/2025
USDMGA:CUR,USDMGA,Madagascar,2024-11-22T12:05:29,currency,4704.10726,,/madagascar/currency,142,4648.228,31/12/2024,4681.9175,31/03/2025,4715.607,30/06/2025,4749.2965,30/09/2025
USDXPF:CUR,USDXPF,New Caledonia,2024-11-22T12:05:33,currency,113.88519,,/new-caledonia/currency,143,110.6455,31/12/2024,111.751955,31/03/2025,112.869365,30/06/2025,113.99773,30/09/2025
USDTJS:CUR,USDTJS,Tajikistan,2024-11-22T12:05:46,currency,10.69931,,/tajikistan/currency,145,10.704667,31/12/2024,10.756864,31/03/2025,10.810127,30/06/2025,10.862324,30/09/2025
USDHTG:CUR,USDHTG,Haiti,2024-11-22T12:05:44,currency,131.89772,,/haiti/currency,147,132.452607,31/12/2024,133.281835,31/03/2025,134.124224,30/06/2025,134.966614,30/09/2025
USDBSD:CUR,USDBSD,Bahamas,2024-11-22T12:05:38,currency,1.00459,,/bahamas/currency,148,1.002081,31/12/2024,1.003881,31/03/2025,1.005682,30/06/2025,1.007482,30/09/2025
USDMDL:CUR,USDMDL,Moldova,2024-11-22T12:05:29,currency,18.29363,,/moldova/currency,150,17.97531,31/12/2024,18.08607,31/03/2025,18.198617,30/06/2025,18.311164,30/09/2025
USDRWF:CUR,USDRWF,Rwanda,2024-11-22T12:05:39,currency,1380.38714,,/rwanda/currency,151,1376.6025,31/12/2024,1388.3415,31/03/2025,1400.0805,30/06/2025,1411.956,30/09/2025
USDKGS:CUR,USDKGS,Kyrgyzstan,2024-11-22T00:00:00,currency,86.5,,/kyrgyzstan/currency,152,86.353362,31/12/2024,86.534324,31/03/2025,86.715286,30/06/2025,86.896248,30/09/2025
USDGNF:CUR,USDGNF,Guinea,2024-11-22T12:05:44,currency,8659.40593,,/guinea/currency,155,8677.389,31/12/2024,8722.278,31/03/2025,8768.03025,30/06/2025,8813.7825,30/09/2025
USDSRD:CUR,USDSRD,Suriname,2024-11-21T18:20:18,currency,35.541,,/suriname/currency,158,34.81811,31/12/2024,35.190164,31/03/2025,35.565664,30/06/2025,35.948053,30/09/2025
USDMRO:CUR,USDMRU,Mauritania,2024-11-22T12:05:25,currency,39.789,,/mauritania/currency,159,40.049671,31/12/2024,40.493303,31/03/2025,40.944857,30/06/2025,41.396411,30/09/2025
USDSLL:CUR,USDSLL,Sierra Leone,2024-11-22T02:03:12,currency,22755.7109,,/sierra-leone/currency,160,22919.48478,31/12/2024,23123.94048,31/03/2025,23328.39619,30/06/2025,23537.39536,30/09/2025
USDXOF:CUR,USDXOF,Ivory Coast,2024-11-22T12:05:33,currency,626.39432,,/ivory-coast/currency,162,606.89825,31/12/2024,611.35675,31/03/2025,615.81525,30/06/2025,620.27375,30/09/2025
USDMWK:CUR,USDMWK,Malawi,2024-11-22T12:05:31,currency,1742.02851,,/malawi/currency,164,1805.186834,31/12/2024,1878.899786,31/03/2025,1955.561256,30/06/2025,2035.344686,30/09/2025
USDFJD:CUR,USDFJD,Fiji,2024-11-22T12:05:43,currency,2.27535,,/fiji/currency,165,2.278086,31/12/2024,2.303098,31/03/2025,2.32856,30/06/2025,2.354023,30/09/2025
USDERN:CUR,USDERN,Eritrea,2024-11-21T00:00:00,currency,15,,/eritrea/currency,166,15,31/12/2024,15,31/03/2025,15,30/06/2025,15,30/09/2025
USDSZL:CUR,USDSZL,Swaziland,2024-11-22T12:05:40,currency,18.18616,,/swaziland/currency,167,17.562807,31/12/2024,17.757351,31/03/2025,17.955369,30/06/2025,18.153387,30/09/2025
USDGYD:CUR,USDGYD,Guyana,2024-11-22T02:03:12,currency,209.2,,/guyana/currency,169,208.84158,31/12/2024,209.38316,31/03/2025,209.92474,30/06/2025,210.46632,30/09/2025
USDBIF:CUR,USDBIF,Burundi,2024-11-22T12:05:37,currency,2967.60331,,/burundi/currency,170,2912.85675,31/12/2024,2928.2135,31/03/2025,2943.86,30/06/2025,2959.5065,30/09/2025
USDKYD:CUR,USDKYD,Cayman Islands,2024-11-21T00:00:00,currency,0.83125,,/cayman-islands/currency,171,0.832746,31/12/2024,0.834243,31/03/2025,0.835739,30/06/2025,0.837235,30/09/2025
USDMVR:CUR,USDMVR,Maldives,2024-11-22T12:05:31,currency,15.45,,/maldives/currency,172,15.485509,31/12/2024,15.561018,31/03/2025,15.638068,30/06/2025,15.713577,30/09/2025
USDLSL:CUR,USDLSL,Lesotho,2024-11-22T12:05:28,currency,18.17816,,/lesotho/currency,173,17.581608,31/12/2024,17.784954,31/03/2025,17.991776,30/06/2025,18.200336,30/09/2025
USDLRD:CUR,USDLRD,Liberia,2024-11-21T00:00:00,currency,180.5,,/liberia/currency,174,192.649,31/12/2024,193.798,31/03/2025,194.96615,30/06/2025,196.1343,30/09/2025
USDCVE:CUR,USDCVE,Cape Verde,2024-11-22T11:15:59,currency,105.9731,,/cape-verde/currency,175,101.905917,31/12/2024,102.463334,31/03/2025,103.030885,30/06/2025,103.598437,30/09/2025
USDDJF:CUR,USDDJF,Djibouti,2024-11-22T12:05:39,currency,178.89696,,/djibouti/currency,179,178.594146,31/12/2024,179.075051,31/03/2025,179.555957,30/06/2025,180.036863,30/09/2025
USDSCR:CUR,USDSCR,Seychelles,2024-11-22T12:05:39,currency,12.66516,,/seychelles/currency,181,14.480954,31/12/2024,15.396229,31/03/2025,16.368708,30/06/2025,17.40384,30/09/2025
USDSOS:CUR,USDSOS,Somalia,2024-11-22T12:05:39,currency,574.12978,,/somalia/currency,186,572.9414,31/12/2024,574.8828,31/03/2025,576.8242,30/06/2025,578.8227,30/09/2025
USDGMD:CUR,USDGMD,Gambia,2024-11-22T12:05:44,currency,71,,/gambia/currency,190,72.15065,31/12/2024,72.80845,31/03/2025,73.46625,30/06/2025,74.13835,30/09/2025
USDKMF:CUR,USDKMF,Comoros,2024-11-22T12:05:46,currency,469.65,,/comoros/currency,194,453.118135,31/12/2024,455.68627,31/03/2025,458.29946,30/06/2025,460.91265,30/09/2025
USDSTD:CUR,USDSTD,Sao Tome And Principe,2024-11-22T12:05:40,currency,23.39606,,/sao-tome-and-principe/currency,197,22.982955,31/12/2024,23.32044,31/03/2025,23.66472,30/06/2025,24.011265,30/09/2025
USDAWG:CUR,USDAWG,Aruba,2024-04-09T00:00:00,currency,1.78,,/usdawg:cur,200,1.78,31/12/2024,1.78,31/03/2025,1.78,30/06/2025,1.78,30/09/2025
USDBBD:CUR,USDBBD,Barbados,2024-04-09T00:00:00,currency,1.9981,,/usdbbd:cur,200,1.9981,31/12/2024,1.9981,31/03/2025,1.9981,30/06/2025,1.9981,30/09/2025
USDBMD:CUR,USDBMD,Bermuda,2024-04-08T00:00:00,currency,1,,/usdbmd:cur,200,1,31/12/2024,1,31/03/2025,1,30/06/2025,1,30/09/2025
USDBTN:CUR,USDBTN,Bhutan,2024-11-21T00:00:00,currency,84.5035,,/bhutan/currency,200,84.234456,31/12/2024,84.377411,31/03/2025,84.520367,30/06/2025,84.663322,30/09/2025
USDGIP:CUR,USDGIP,Gibraltar,2024-04-09T00:00:00,currency,0.7899,,/usdgip:cur,200,0.79456,31/12/2024,0.799221,31/03/2025,0.80396,30/06/2025,0.8087,30/09/2025
USDHRK:CUR,USDHRK,Croatia,2023-10-13T00:00:00,currency,7.0385,,/usdhrk:cur,200,7.0385,31/12/2024,7.0385,31/03/2025,7.0385,30/06/2025,7.0385,30/09/2025
USDSBD:CUR,USDSBD,Solomon Islands,2024-04-09T00:00:00,currency,8.0645,,/usdsbd:cur,200,8.130629,31/12/2024,8.197564,31/03/2025,8.2645,30/06/2025,8.332241,30/09/2025
USDVUV:CUR,USDVUV,Vanuatu,2024-04-09T00:00:00,currency,118.3,,/usdvuv:cur,200,119.54215,31/12/2024,120.79613,31/03/2025,122.06194,30/06/2025,123.35141,30/09/2025
USDXCD:CUR,USDXCD,Eastern Caribbean,2024-04-09T00:00:00,currency,2.7,,/usdxcd:cur,200,2.7,31/12/2024,2.7,31/03/2025,2.7,30/06/2025,2.7,30/09/2025
USDXDR:CUR,USDXDR,Imf,2024-04-09T00:00:00,currency,0.75355,,/usdxdr:cur,200,0.755886,31/12/2024,0.758222,31/03/2025,0.760558,30/06/2025,0.762969,30/09/2025
BTCUSD:CUR,Bitcoin,other,2024-11-22T12:05:17.297,currency,98888,,/btcusd:cur,201,70903.37996,31/12/2024,67982.35178,31/03/2025,65179.70043,30/06/2025,62495.31285,30/09/2025
ETHUSD:CUR,Ether,other,2024-11-22T12:05:24.277,currency,3341.1,,/ethusd:cur,202,2491.419551,31/12/2024,2367.949519,31/03/2025,2250.509121,30/06/2025,2138.835673,30/09/2025
DAIUSD:CUR,Dai,other,2024-11-22T11:41:29.013,currency,0.9999,,/daiusd:cur,215,0.988835,31/12/2024,0.97824,31/03/2025,0.967745,30/06/2025,0.95745,30/09/2025
XLMUSD:CUR,Stellar,other,2024-11-22T12:04:07.437,currency,0.29506,,/xlmusd:cur,221,0.092252,31/12/2024,0.088037,31/03/2025,0.084016,30/06/2025,0.080178,30/09/2025
XMRUSD:CUR,Monero,other,2024-11-22T12:03:47.203,currency,159.77,,/xmrusd:cur,222,150.12849,31/12/2024,140.366123,31/03/2025,131.246019,30/06/2025,122.720005,30/09/2025
LNKUSD:CUR,Chainlink,other,2024-11-22T12:04:54.88,currency,15.31309,,/lnkusd:cur,223,11.085144,31/12/2024,10.347718,31/03/2025,9.660166,30/06/2025,9.017738,30/09/2025
USDBTC:CUR,USDBTC,other,2024-11-21T00:00:00,currency,0.00001,,/usdbtc:cur,224,0.000014,31/12/2024,0.000015,31/03/2025,0.000015,30/06/2025,0.000016,30/09/2025
USTUSD:CUR,Tether,other,2024-11-22T12:04:47.447,currency,1.00087,,/ustusd:cur,224,0.99978,31/12/2024,0.99918,31/03/2025,0.998579,30/06/2025,0.997979,30/09/2025
USCUSD:CUR,USD Coin,other,2024-11-22T12:03:49.483,currency,1,,/uscusd:cur,225,0.99987,31/12/2024,0.99987,31/03/2025,0.99987,30/06/2025,0.99987,30/09/2025
USDBGN:CUR,USDBGN,Bulgaria,2024-11-22T12:05:36,currency,1.87649,,/bulgaria/currency,250,1.826592,31/12/2024,1.836764,31/03/2025,1.847117,30/06/2025,1.857471,30/09/2025
USDJOD:CUR,USDJOD,Jordan,2024-11-22T12:05:27,currency,0.7091,,/jordan/currency,250,0.710009,31/12/2024,0.710719,31/03/2025,0.711428,30/06/2025,0.712137,30/09/2025
USDKWD:CUR,USDKWD,Kuwait,2024-11-22T12:05:21,currency,0.3078,,/kuwait/currency,250,0.307177,31/12/2024,0.307484,31/03/2025,0.307791,30/06/2025,0.308097,30/09/2025
USDVES:CUR,USDVES,Venezuela,2024-11-22T12:05:42,currency,46.28719,,/venezuela/currency,250,43.637658,31/12/2024,43.872035,31/03/2025,44.110753,30/06/2025,44.349472,30/09/2025
USDZIG:CUR,Zimbabwean Gold USDZiG,Zimbabwe,2024-11-22T00:00:00,currency,25.3326,,/zimbabwe/currency,250,27.82739,31/12/2024,29.768049,31/03/2025,31.841381,30/06/2025,34.060392,30/09/2025
